model,task,feature_subset,N,baseline_cycle,n_seeds,n_rows,run_dir,metric,value
xgb_classifier,classification,fs_all,300,1,5,250,out/runs/classification/xgb_classifier__classification__N300__A2.2_b1__fs_all,n_rows,250.0
xgb_classifier,classification,fs_all,300,1,5,250,out/runs/classification/xgb_classifier__classification__N300__A2.2_b1__fs_all,n_seeds,5.0
xgb_classifier,classification,fs_all,300,1,5,250,out/runs/classification/xgb_classifier__classification__N300__A2.2_b1__fs_all,test_f1_mean,0.8655806079556891
xgb_classifier,classification,fs_all,300,1,5,250,out/runs/classification/xgb_classifier__classification__N300__A2.2_b1__fs_all,test_f1_std,0.03735262328609609
xgb_classifier,classification,fs_all,300,1,5,250,out/runs/classification/xgb_classifier__classification__N300__A2.2_b1__fs_all,test_accuracy_mean,0.8160000000000001
xgb_classifier,classification,fs_all,300,1,5,250,out/runs/classification/xgb_classifier__classification__N300__A2.2_b1__fs_all,test_accuracy_std,0.05366563145999495
xgb_classifier,classification,fs_all,300,1,5,250,out/runs/classification/xgb_classifier__classification__N300__A2.2_b1__fs_all,test_precision_mean,0.8169477311412795
xgb_classifier,classification,fs_all,300,1,5,250,out/runs/classification/xgb_classifier__classification__N300__A2.2_b1__fs_all,test_precision_std,0.05421442684388893
xgb_classifier,classification,fs_all,300,1,5,250,out/runs/classification/xgb_classifier__classification__N300__A2.2_b1__fs_all,test_recall_mean,0.925
xgb_classifier,classification,fs_all,300,1,5,250,out/runs/classification/xgb_classifier__classification__N300__A2.2_b1__fs_all,test_recall_std,0.06480137922914914
xgb_classifier,classification,fs_all,300,1,5,250,out/runs/classification/xgb_classifier__classification__N300__A2.2_b1__fs_all,test_roc_auc_mean,0.875
xgb_classifier,classification,fs_all,300,1,5,250,out/runs/classification/xgb_classifier__classification__N300__A2.2_b1__fs_all,test_roc_auc_std,0.026529004843639088
xgb_classifier,classification,fs_all,300,1,5,250,out/runs/classification/xgb_classifier__classification__N300__A2.2_b1__fs_all__20260516T193607Z,n_rows,250.0
xgb_classifier,classification,fs_all,300,1,5,250,out/runs/classification/xgb_classifier__classification__N300__A2.2_b1__fs_all__20260516T193607Z,n_seeds,5.0
xgb_classifier,classification,fs_all,300,1,5,250,out/runs/classification/xgb_classifier__classification__N300__A2.2_b1__fs_all__20260516T193607Z,test_f1_mean,0.8655806079556891
xgb_classifier,classification,fs_all,300,1,5,250,out/runs/classification/xgb_classifier__classification__N300__A2.2_b1__fs_all__20260516T193607Z,test_f1_std,0.03735262328609609
xgb_classifier,classification,fs_all,300,1,5,250,out/runs/classification/xgb_classifier__classification__N300__A2.2_b1__fs_all__20260516T193607Z,test_accuracy_mean,0.8160000000000001
xgb_classifier,classification,fs_all,300,1,5,250,out/runs/classification/xgb_classifier__classification__N300__A2.2_b1__fs_all__20260516T193607Z,test_accuracy_std,0.05366563145999495
xgb_classifier,classification,fs_all,300,1,5,250,out/runs/classification/xgb_classifier__classification__N300__A2.2_b1__fs_all__20260516T193607Z,test_precision_mean,0.8169477311412795
xgb_classifier,classification,fs_all,300,1,5,250,out/runs/classification/xgb_classifier__classification__N300__A2.2_b1__fs_all__20260516T193607Z,test_precision_std,0.05421442684388893
xgb_classifier,classification,fs_all,300,1,5,250,out/runs/classification/xgb_classifier__classification__N300__A2.2_b1__fs_all__20260516T193607Z,test_recall_mean,0.925
xgb_classifier,classification,fs_all,300,1,5,250,out/runs/classification/xgb_classifier__classification__N300__A2.2_b1__fs_all__20260516T193607Z,test_recall_std,0.06480137922914914
xgb_classifier,classification,fs_all,300,1,5,250,out/runs/classification/xgb_classifier__classification__N300__A2.2_b1__fs_all__20260516T193607Z,test_roc_auc_mean,0.875
xgb_classifier,classification,fs_all,300,1,5,250,out/runs/classification/xgb_classifier__classification__N300__A2.2_b1__fs_all__20260516T193607Z,test_roc_auc_std,0.026529004843639088
xgb_classifier,classification,fs_cv,300,1,5,250,out/runs/classification/xgb_classifier__classification__N300__A2.2_b1__fs_cv,n_rows,250.0
xgb_classifier,classification,fs_cv,300,1,5,250,out/runs/classification/xgb_classifier__classification__N300__A2.2_b1__fs_cv,n_seeds,5.0
xgb_classifier,classification,fs_cv,300,1,5,250,out/runs/classification/xgb_classifier__classification__N300__A2.2_b1__fs_cv,test_f1_mean,0.8377149276393933
xgb_classifier,classification,fs_cv,300,1,5,250,out/runs/classification/xgb_classifier__classification__N300__A2.2_b1__fs_cv,test_f1_std,0.029385207923216274
xgb_classifier,classification,fs_cv,300,1,5,250,out/runs/classification/xgb_classifier__classification__N300__A2.2_b1__fs_cv,test_accuracy_mean,0.768
xgb_classifier,classification,fs_cv,300,1,5,250,out/runs/classification/xgb_classifier__classification__N300__A2.2_b1__fs_cv,test_accuracy_std,0.0626099033699941
xgb_classifier,classification,fs_cv,300,1,5,250,out/runs/classification/xgb_classifier__classification__N300__A2.2_b1__fs_cv,test_precision_mean,0.7727439192552432
xgb_classifier,classification,fs_cv,300,1,5,250,out/runs/classification/xgb_classifier__classification__N300__A2.2_b1__fs_cv,test_precision_std,0.07388317525541951
xgb_classifier,classification,fs_cv,300,1,5,250,out/runs/classification/xgb_classifier__classification__N300__A2.2_b1__fs_cv,test_recall_mean,0.925
xgb_classifier,classification,fs_cv,300,1,5,250,out/runs/classification/xgb_classifier__classification__N300__A2.2_b1__fs_cv,test_recall_std,0.06480137922914914
xgb_classifier,classification,fs_cv,300,1,5,250,out/runs/classification/xgb_classifier__classification__N300__A2.2_b1__fs_cv,test_roc_auc_mean,0.8753472222222222
xgb_classifier,classification,fs_cv,300,1,5,250,out/runs/classification/xgb_classifier__classification__N300__A2.2_b1__fs_cv,test_roc_auc_std,0.015547648039748703
xgb_classifier,classification,fs_cv,300,1,5,250,out/runs/classification/xgb_classifier__classification__N300__A2.2_b1__fs_cv__20260516T191025Z,n_rows,250.0
xgb_classifier,classification,fs_cv,300,1,5,250,out/runs/classification/xgb_classifier__classification__N300__A2.2_b1__fs_cv__20260516T191025Z,n_seeds,5.0
xgb_classifier,classification,fs_cv,300,1,5,250,out/runs/classification/xgb_classifier__classification__N300__A2.2_b1__fs_cv__20260516T191025Z,test_f1_mean,0.8377149276393933
xgb_classifier,classification,fs_cv,300,1,5,250,out/runs/classification/xgb_classifier__classification__N300__A2.2_b1__fs_cv__20260516T191025Z,test_f1_std,0.029385207923216274
xgb_classifier,classification,fs_cv,300,1,5,250,out/runs/classification/xgb_classifier__classification__N300__A2.2_b1__fs_cv__20260516T191025Z,test_accuracy_mean,0.768
xgb_classifier,classification,fs_cv,300,1,5,250,out/runs/classification/xgb_classifier__classification__N300__A2.2_b1__fs_cv__20260516T191025Z,test_accuracy_std,0.0626099033699941
xgb_classifier,classification,fs_cv,300,1,5,250,out/runs/classification/xgb_classifier__classification__N300__A2.2_b1__fs_cv__20260516T191025Z,test_precision_mean,0.7727439192552432
xgb_classifier,classification,fs_cv,300,1,5,250,out/runs/classification/xgb_classifier__classification__N300__A2.2_b1__fs_cv__20260516T191025Z,test_precision_std,0.07388317525541951
xgb_classifier,classification,fs_cv,300,1,5,250,out/runs/classification/xgb_classifier__classification__N300__A2.2_b1__fs_cv__20260516T191025Z,test_recall_mean,0.925
xgb_classifier,classification,fs_cv,300,1,5,250,out/runs/classification/xgb_classifier__classification__N300__A2.2_b1__fs_cv__20260516T191025Z,test_recall_std,0.06480137922914914
xgb_classifier,classification,fs_cv,300,1,5,250,out/runs/classification/xgb_classifier__classification__N300__A2.2_b1__fs_cv__20260516T191025Z,test_roc_auc_mean,0.8753472222222222
xgb_classifier,classification,fs_cv,300,1,5,250,out/runs/classification/xgb_classifier__classification__N300__A2.2_b1__fs_cv__20260516T191025Z,test_roc_auc_std,0.015547648039748703
ebm_regressor,regression,fs_all,300,1,5,187,out/runs/regression/ebm_regressor__regression__N300__A2.2_b1__fs_all,n_rows,187.0
ebm_regressor,regression,fs_all,300,1,5,187,out/runs/regression/ebm_regressor__regression__N300__A2.2_b1__fs_all,n_seeds,5.0
ebm_regressor,regression,fs_all,300,1,5,187,out/runs/regression/ebm_regressor__regression__N300__A2.2_b1__fs_all,test_mae_mean,136.16482094126079
ebm_regressor,regression,fs_all,300,1,5,187,out/runs/regression/ebm_regressor__regression__N300__A2.2_b1__fs_all,test_mae_std,12.320591842225022
ebm_regressor,regression,fs_all,300,1,5,187,out/runs/regression/ebm_regressor__regression__N300__A2.2_b1__fs_all,test_rmse_mean,185.70543367032627
ebm_regressor,regression,fs_all,300,1,5,187,out/runs/regression/ebm_regressor__regression__N300__A2.2_b1__fs_all,test_rmse_std,22.710640000706004
ebm_regressor,regression,fs_all,300,1,5,187,out/runs/regression/ebm_regressor__regression__N300__A2.2_b1__fs_all,test_r2_mean,0.3355036227044347
ebm_regressor,regression,fs_all,300,1,5,187,out/runs/regression/ebm_regressor__regression__N300__A2.2_b1__fs_all,test_r2_std,0.08784328831996314
ebm_regressor,regression,fs_all,300,1,5,187,out/runs/regression/ebm_regressor__regression__N300__A2.2_b1__fs_all,test_medae_mean,88.76365125847236
ebm_regressor,regression,fs_all,300,1,5,187,out/runs/regression/ebm_regressor__regression__N300__A2.2_b1__fs_all,test_medae_std,9.843141631984873
ebm_regressor,regression,fs_all,300,1,5,187,out/runs/regression/ebm_regressor__regression__N300__A2.2_b1__fs_all__20260516T212337Z,n_rows,187.0
ebm_regressor,regression,fs_all,300,1,5,187,out/runs/regression/ebm_regressor__regression__N300__A2.2_b1__fs_all__20260516T212337Z,n_seeds,5.0
ebm_regressor,regression,fs_all,300,1,5,187,out/runs/regression/ebm_regressor__regression__N300__A2.2_b1__fs_all__20260516T212337Z,test_mae_mean,136.16482094126079
ebm_regressor,regression,fs_all,300,1,5,187,out/runs/regression/ebm_regressor__regression__N300__A2.2_b1__fs_all__20260516T212337Z,test_mae_std,12.320591842225022
ebm_regressor,regression,fs_all,300,1,5,187,out/runs/regression/ebm_regressor__regression__N300__A2.2_b1__fs_all__20260516T212337Z,test_rmse_mean,185.70543367032627
ebm_regressor,regression,fs_all,300,1,5,187,out/runs/regression/ebm_regressor__regression__N300__A2.2_b1__fs_all__20260516T212337Z,test_rmse_std,22.710640000706004
ebm_regressor,regression,fs_all,300,1,5,187,out/runs/regression/ebm_regressor__regression__N300__A2.2_b1__fs_all__20260516T212337Z,test_r2_mean,0.3355036227044347
ebm_regressor,regression,fs_all,300,1,5,187,out/runs/regression/ebm_regressor__regression__N300__A2.2_b1__fs_all__20260516T212337Z,test_r2_std,0.08784328831996314
ebm_regressor,regression,fs_all,300,1,5,187,out/runs/regression/ebm_regressor__regression__N300__A2.2_b1__fs_all__20260516T212337Z,test_medae_mean,88.76365125847236
ebm_regressor,regression,fs_all,300,1,5,187,out/runs/regression/ebm_regressor__regression__N300__A2.2_b1__fs_all__20260516T212337Z,test_medae_std,9.843141631984873
ebm_regressor,regression,fs_cv,300,1,5,187,out/runs/regression/ebm_regressor__regression__N300__A2.2_b1__fs_cv,n_rows,187.0
ebm_regressor,regression,fs_cv,300,1,5,187,out/runs/regression/ebm_regressor__regression__N300__A2.2_b1__fs_cv,n_seeds,5.0
ebm_regressor,regression,fs_cv,300,1,5,187,out/runs/regression/ebm_regressor__regression__N300__A2.2_b1__fs_cv,test_mae_mean,142.1003671455188
ebm_regressor,regression,fs_cv,300,1,5,187,out/runs/regression/ebm_regressor__regression__N300__A2.2_b1__fs_cv,test_mae_std,14.552772687716326
ebm_regressor,regression,fs_cv,300,1,5,187,out/runs/regression/ebm_regressor__regression__N300__A2.2_b1__fs_cv,test_rmse_mean,190.5994082885373
ebm_regressor,regression,fs_cv,300,1,5,187,out/runs/regression/ebm_regressor__regression__N300__A2.2_b1__fs_cv,test_rmse_std,23.11002332053587
ebm_regressor,regression,fs_cv,300,1,5,187,out/runs/regression/ebm_regressor__regression__N300__A2.2_b1__fs_cv,test_r2_mean,0.29958182170257247
ebm_regressor,regression,fs_cv,300,1,5,187,out/runs/regression/ebm_regressor__regression__N300__A2.2_b1__fs_cv,test_r2_std,0.09435612209427596
ebm_regressor,regression,fs_cv,300,1,5,187,out/runs/regression/ebm_regressor__regression__N300__A2.2_b1__fs_cv,test_medae_mean,101.60881615365402
ebm_regressor,regression,fs_cv,300,1,5,187,out/runs/regression/ebm_regressor__regression__N300__A2.2_b1__fs_cv,test_medae_std,6.4568974445452465
ebm_regressor,regression,fs_cv,300,1,5,187,out/runs/regression/ebm_regressor__regression__N300__A2.2_b1__fs_cv__20260516T201935Z,n_rows,187.0
ebm_regressor,regression,fs_cv,300,1,5,187,out/runs/regression/ebm_regressor__regression__N300__A2.2_b1__fs_cv__20260516T201935Z,n_seeds,5.0
ebm_regressor,regression,fs_cv,300,1,5,187,out/runs/regression/ebm_regressor__regression__N300__A2.2_b1__fs_cv__20260516T201935Z,test_mae_mean,142.1003671455188
ebm_regressor,regression,fs_cv,300,1,5,187,out/runs/regression/ebm_regressor__regression__N300__A2.2_b1__fs_cv__20260516T201935Z,test_mae_std,14.552772687716326
ebm_regressor,regression,fs_cv,300,1,5,187,out/runs/regression/ebm_regressor__regression__N300__A2.2_b1__fs_cv__20260516T201935Z,test_rmse_mean,190.5994082885373
ebm_regressor,regression,fs_cv,300,1,5,187,out/runs/regression/ebm_regressor__regression__N300__A2.2_b1__fs_cv__20260516T201935Z,test_rmse_std,23.11002332053587
ebm_regressor,regression,fs_cv,300,1,5,187,out/runs/regression/ebm_regressor__regression__N300__A2.2_b1__fs_cv__20260516T201935Z,test_r2_mean,0.29958182170257247
ebm_regressor,regression,fs_cv,300,1,5,187,out/runs/regression/ebm_regressor__regression__N300__A2.2_b1__fs_cv__20260516T201935Z,test_r2_std,0.09435612209427596
ebm_regressor,regression,fs_cv,300,1,5,187,out/runs/regression/ebm_regressor__regression__N300__A2.2_b1__fs_cv__20260516T201935Z,test_medae_mean,101.60881615365402
ebm_regressor,regression,fs_cv,300,1,5,187,out/runs/regression/ebm_regressor__regression__N300__A2.2_b1__fs_cv__20260516T201935Z,test_medae_std,6.4568974445452465
xgb_regressor,regression,fs_all,300,1,5,187,out/runs/regression/xgb_regressor__regression__N300__A2.2_b1__fs_all,n_rows,187.0
xgb_regressor,regression,fs_all,300,1,5,187,out/runs/regression/xgb_regressor__regression__N300__A2.2_b1__fs_all,n_seeds,5.0
xgb_regressor,regression,fs_all,300,1,5,187,out/runs/regression/xgb_regressor__regression__N300__A2.2_b1__fs_all,test_mae_mean,136.5031061446718
xgb_regressor,regression,fs_all,300,1,5,187,out/runs/regression/xgb_regressor__regression__N300__A2.2_b1__fs_all,test_mae_std,9.564688638581975
xgb_regressor,regression,fs_all,300,1,5,187,out/runs/regression/xgb_regressor__regression__N300__A2.2_b1__fs_all,test_rmse_mean,188.11967926436256
xgb_regressor,regression,fs_all,300,1,5,187,out/runs/regression/xgb_regressor__regression__N300__A2.2_b1__fs_all,test_rmse_std,21.837947705604
xgb_regressor,regression,fs_all,300,1,5,187,out/runs/regression/xgb_regressor__regression__N300__A2.2_b1__fs_all,test_r2_mean,0.31732462672848827
xgb_regressor,regression,fs_all,300,1,5,187,out/runs/regression/xgb_regressor__regression__N300__A2.2_b1__fs_all,test_r2_std,0.08808664213126657
xgb_regressor,regression,fs_all,300,1,5,187,out/runs/regression/xgb_regressor__regression__N300__A2.2_b1__fs_all,test_medae_mean,87.94947700203674
xgb_regressor,regression,fs_all,300,1,5,187,out/runs/regression/xgb_regressor__regression__N300__A2.2_b1__fs_all,test_medae_std,4.847092284264895
xgb_regressor,regression,fs_all,300,1,5,187,out/runs/regression/xgb_regressor__regression__N300__A2.2_b1__fs_all__20260516T193907Z,n_rows,187.0
xgb_regressor,regression,fs_all,300,1,5,187,out/runs/regression/xgb_regressor__regression__N300__A2.2_b1__fs_all__20260516T193907Z,n_seeds,5.0
xgb_regressor,regression,fs_all,300,1,5,187,out/runs/regression/xgb_regressor__regression__N300__A2.2_b1__fs_all__20260516T193907Z,test_mae_mean,136.5031061446718
xgb_regressor,regression,fs_all,300,1,5,187,out/runs/regression/xgb_regressor__regression__N300__A2.2_b1__fs_all__20260516T193907Z,test_mae_std,9.564688638581975
xgb_regressor,regression,fs_all,300,1,5,187,out/runs/regression/xgb_regressor__regression__N300__A2.2_b1__fs_all__20260516T193907Z,test_rmse_mean,188.11967926436256
xgb_regressor,regression,fs_all,300,1,5,187,out/runs/regression/xgb_regressor__regression__N300__A2.2_b1__fs_all__20260516T193907Z,test_rmse_std,21.837947705604
xgb_regressor,regression,fs_all,300,1,5,187,out/runs/regression/xgb_regressor__regression__N300__A2.2_b1__fs_all__20260516T193907Z,test_r2_mean,0.31732462672848827
xgb_regressor,regression,fs_all,300,1,5,187,out/runs/regression/xgb_regressor__regression__N300__A2.2_b1__fs_all__20260516T193907Z,test_r2_std,0.08808664213126657
xgb_regressor,regression,fs_all,300,1,5,187,out/runs/regression/xgb_regressor__regression__N300__A2.2_b1__fs_all__20260516T193907Z,test_medae_mean,87.94947700203674
xgb_regressor,regression,fs_all,300,1,5,187,out/runs/regression/xgb_regressor__regression__N300__A2.2_b1__fs_all__20260516T193907Z,test_medae_std,4.847092284264895
xgb_regressor,regression,fs_cv,300,1,5,187,out/runs/regression/xgb_regressor__regression__N300__A2.2_b1__fs_cv,n_rows,187.0
xgb_regressor,regression,fs_cv,300,1,5,187,out/runs/regression/xgb_regressor__regression__N300__A2.2_b1__fs_cv,n_seeds,5.0
xgb_regressor,regression,fs_cv,300,1,5,187,out/runs/regression/xgb_regressor__regression__N300__A2.2_b1__fs_cv,test_mae_mean,137.69322323340674
xgb_regressor,regression,fs_cv,300,1,5,187,out/runs/regression/xgb_regressor__regression__N300__A2.2_b1__fs_cv,test_mae_std,16.86693963942918
xgb_regressor,regression,fs_cv,300,1,5,187,out/runs/regression/xgb_regressor__regression__N300__A2.2_b1__fs_cv,test_rmse_mean,193.03635722025663
xgb_regressor,regression,fs_cv,300,1,5,187,out/runs/regression/xgb_regressor__regression__N300__A2.2_b1__fs_cv,test_rmse_std,25.138595738226677
xgb_regressor,regression,fs_cv,300,1,5,187,out/runs/regression/xgb_regressor__regression__N300__A2.2_b1__fs_cv,test_r2_mean,0.28127711176489534
xgb_regressor,regression,fs_cv,300,1,5,187,out/runs/regression/xgb_regressor__regression__N300__A2.2_b1__fs_cv,test_r2_std,0.11143185935726052
xgb_regressor,regression,fs_cv,300,1,5,187,out/runs/regression/xgb_regressor__regression__N300__A2.2_b1__fs_cv,test_medae_mean,81.38359513222149
xgb_regressor,regression,fs_cv,300,1,5,187,out/runs/regression/xgb_regressor__regression__N300__A2.2_b1__fs_cv,test_medae_std,12.109754611012804
xgb_regressor,regression,fs_cv,300,1,5,187,out/runs/regression/xgb_regressor__regression__N300__A2.2_b1__fs_cv__20260516T191201Z,n_rows,187.0
xgb_regressor,regression,fs_cv,300,1,5,187,out/runs/regression/xgb_regressor__regression__N300__A2.2_b1__fs_cv__20260516T191201Z,n_seeds,5.0
xgb_regressor,regression,fs_cv,300,1,5,187,out/runs/regression/xgb_regressor__regression__N300__A2.2_b1__fs_cv__20260516T191201Z,test_mae_mean,137.69322323340674
xgb_regressor,regression,fs_cv,300,1,5,187,out/runs/regression/xgb_regressor__regression__N300__A2.2_b1__fs_cv__20260516T191201Z,test_mae_std,16.86693963942918
xgb_regressor,regression,fs_cv,300,1,5,187,out/runs/regression/xgb_regressor__regression__N300__A2.2_b1__fs_cv__20260516T191201Z,test_rmse_mean,193.03635722025663
xgb_regressor,regression,fs_cv,300,1,5,187,out/runs/regression/xgb_regressor__regression__N300__A2.2_b1__fs_cv__20260516T191201Z,test_rmse_std,25.138595738226677
xgb_regressor,regression,fs_cv,300,1,5,187,out/runs/regression/xgb_regressor__regression__N300__A2.2_b1__fs_cv__20260516T191201Z,test_r2_mean,0.28127711176489534
xgb_regressor,regression,fs_cv,300,1,5,187,out/runs/regression/xgb_regressor__regression__N300__A2.2_b1__fs_cv__20260516T191201Z,test_r2_std,0.11143185935726052
xgb_regressor,regression,fs_cv,300,1,5,187,out/runs/regression/xgb_regressor__regression__N300__A2.2_b1__fs_cv__20260516T191201Z,test_medae_mean,81.38359513222149
xgb_regressor,regression,fs_cv,300,1,5,187,out/runs/regression/xgb_regressor__regression__N300__A2.2_b1__fs_cv__20260516T191201Z,test_medae_std,12.109754611012804
rsf,survival,fs_all,300,1,5,415,out/runs/survival/rsf__survival__N300__A2.2_b1__fs_all,n_rows,415.0
rsf,survival,fs_all,300,1,5,415,out/runs/survival/rsf__survival__N300__A2.2_b1__fs_all,n_seeds,5.0
rsf,survival,fs_all,300,1,5,415,out/runs/survival/rsf__survival__N300__A2.2_b1__fs_all,test_c_index_mean,0.786510998100021
rsf,survival,fs_all,300,1,5,415,out/runs/survival/rsf__survival__N300__A2.2_b1__fs_all,test_c_index_std,0.020392958137600364
rsf,survival,fs_all,300,1,5,415,out/runs/survival/rsf__survival__N300__A2.2_b1__fs_all,test_auc_at_200_mean,0.8861627967991603
rsf,survival,fs_all,300,1,5,415,out/runs/survival/rsf__survival__N300__A2.2_b1__fs_all,test_auc_at_200_std,0.04165622375600003
rsf,survival,fs_all,300,1,5,415,out/runs/survival/rsf__survival__N300__A2.2_b1__fs_all,test_auc_at_300_mean,0.8543837861488924
rsf,survival,fs_all,300,1,5,415,out/runs/survival/rsf__survival__N300__A2.2_b1__fs_all,test_auc_at_300_std,0.03631210950169276
rsf,survival,fs_all,300,1,5,415,out/runs/survival/rsf__survival__N300__A2.2_b1__fs_all,test_auc_at_400_mean,0.8668230509002821
rsf,survival,fs_all,300,1,5,415,out/runs/survival/rsf__survival__N300__A2.2_b1__fs_all,test_auc_at_400_std,0.03181933566353931
rsf,survival,fs_all,300,1,5,415,out/runs/survival/rsf__survival__N300__A2.2_b1__fs_all__20260516T231241Z,n_rows,415.0
rsf,survival,fs_all,300,1,5,415,out/runs/survival/rsf__survival__N300__A2.2_b1__fs_all__20260516T231241Z,n_seeds,5.0
rsf,survival,fs_all,300,1,5,415,out/runs/survival/rsf__survival__N300__A2.2_b1__fs_all__20260516T231241Z,test_c_index_mean,0.786510998100021
rsf,survival,fs_all,300,1,5,415,out/runs/survival/rsf__survival__N300__A2.2_b1__fs_all__20260516T231241Z,test_c_index_std,0.020392958137600364
rsf,survival,fs_all,300,1,5,415,out/runs/survival/rsf__survival__N300__A2.2_b1__fs_all__20260516T231241Z,test_auc_at_200_mean,0.8861627967991603
rsf,survival,fs_all,300,1,5,415,out/runs/survival/rsf__survival__N300__A2.2_b1__fs_all__20260516T231241Z,test_auc_at_200_std,0.04165622375600003
rsf,survival,fs_all,300,1,5,415,out/runs/survival/rsf__survival__N300__A2.2_b1__fs_all__20260516T231241Z,test_auc_at_300_mean,0.8543837861488924
rsf,survival,fs_all,300,1,5,415,out/runs/survival/rsf__survival__N300__A2.2_b1__fs_all__20260516T231241Z,test_auc_at_300_std,0.03631210950169276
rsf,survival,fs_all,300,1,5,415,out/runs/survival/rsf__survival__N300__A2.2_b1__fs_all__20260516T231241Z,test_auc_at_400_mean,0.8668230509002821
rsf,survival,fs_all,300,1,5,415,out/runs/survival/rsf__survival__N300__A2.2_b1__fs_all__20260516T231241Z,test_auc_at_400_std,0.03181933566353931
rsf,survival,fs_cv,300,1,5,415,out/runs/survival/rsf__survival__N300__A2.2_b1__fs_cv,n_rows,415.0
rsf,survival,fs_cv,300,1,5,415,out/runs/survival/rsf__survival__N300__A2.2_b1__fs_cv,n_seeds,5.0
rsf,survival,fs_cv,300,1,5,415,out/runs/survival/rsf__survival__N300__A2.2_b1__fs_cv,test_c_index_mean,0.801276500298774
rsf,survival,fs_cv,300,1,5,415,out/runs/survival/rsf__survival__N300__A2.2_b1__fs_cv,test_c_index_std,0.021331097502515613
rsf,survival,fs_cv,300,1,5,415,out/runs/survival/rsf__survival__N300__A2.2_b1__fs_cv,test_auc_at_200_mean,0.9211822117276662
rsf,survival,fs_cv,300,1,5,415,out/runs/survival/rsf__survival__N300__A2.2_b1__fs_cv,test_auc_at_200_std,0.03183018505717356
rsf,survival,fs_cv,300,1,5,415,out/runs/survival/rsf__survival__N300__A2.2_b1__fs_cv,test_auc_at_300_mean,0.8787809533222287
rsf,survival,fs_cv,300,1,5,415,out/runs/survival/rsf__survival__N300__A2.2_b1__fs_cv,test_auc_at_300_std,0.04829898979658872
rsf,survival,fs_cv,300,1,5,415,out/runs/survival/rsf__survival__N300__A2.2_b1__fs_cv,test_auc_at_400_mean,0.860654460147023
rsf,survival,fs_cv,300,1,5,415,out/runs/survival/rsf__survival__N300__A2.2_b1__fs_cv,test_auc_at_400_std,0.04372797425533471
rsf,survival,fs_cv,300,1,1,415,out/runs/survival/rsf__survival__N300__A2.2_b1__fs_cv__20260516T185357Z,n_rows,415.0
rsf,survival,fs_cv,300,1,1,415,out/runs/survival/rsf__survival__N300__A2.2_b1__fs_cv__20260516T185357Z,n_seeds,1.0
rsf,survival,fs_cv,300,1,1,415,out/runs/survival/rsf__survival__N300__A2.2_b1__fs_cv__20260516T185357Z,test_c_index_mean,0.8067484662576687
rsf,survival,fs_cv,300,1,1,415,out/runs/survival/rsf__survival__N300__A2.2_b1__fs_cv__20260516T185357Z,test_c_index_std,
rsf,survival,fs_cv,300,1,1,415,out/runs/survival/rsf__survival__N300__A2.2_b1__fs_cv__20260516T185357Z,test_auc_at_200_mean,0.9108391608391608
rsf,survival,fs_cv,300,1,1,415,out/runs/survival/rsf__survival__N300__A2.2_b1__fs_cv__20260516T185357Z,test_auc_at_200_std,
rsf,survival,fs_cv,300,1,1,415,out/runs/survival/rsf__survival__N300__A2.2_b1__fs_cv__20260516T185357Z,test_auc_at_300_mean,0.8803827751196172
rsf,survival,fs_cv,300,1,1,415,out/runs/survival/rsf__survival__N300__A2.2_b1__fs_cv__20260516T185357Z,test_auc_at_300_std,
rsf,survival,fs_cv,300,1,1,415,out/runs/survival/rsf__survival__N300__A2.2_b1__fs_cv__20260516T185357Z,test_auc_at_400_mean,0.8956521739130434
rsf,survival,fs_cv,300,1,1,415,out/runs/survival/rsf__survival__N300__A2.2_b1__fs_cv__20260516T185357Z,test_auc_at_400_std,
rsf,survival,fs_cv,300,1,5,415,out/runs/survival/rsf__survival__N300__A2.2_b1__fs_cv__20260516T193229Z,n_rows,415.0
rsf,survival,fs_cv,300,1,5,415,out/runs/survival/rsf__survival__N300__A2.2_b1__fs_cv__20260516T193229Z,n_seeds,5.0
rsf,survival,fs_cv,300,1,5,415,out/runs/survival/rsf__survival__N300__A2.2_b1__fs_cv__20260516T193229Z,test_c_index_mean,0.801276500298774
rsf,survival,fs_cv,300,1,5,415,out/runs/survival/rsf__survival__N300__A2.2_b1__fs_cv__20260516T193229Z,test_c_index_std,0.021331097502515613
rsf,survival,fs_cv,300,1,5,415,out/runs/survival/rsf__survival__N300__A2.2_b1__fs_cv__20260516T193229Z,test_auc_at_200_mean,0.9211822117276662
rsf,survival,fs_cv,300,1,5,415,out/runs/survival/rsf__survival__N300__A2.2_b1__fs_cv__20260516T193229Z,test_auc_at_200_std,0.03183018505717356
rsf,survival,fs_cv,300,1,5,415,out/runs/survival/rsf__survival__N300__A2.2_b1__fs_cv__20260516T193229Z,test_auc_at_300_mean,0.8787809533222287
rsf,survival,fs_cv,300,1,5,415,out/runs/survival/rsf__survival__N300__A2.2_b1__fs_cv__20260516T193229Z,test_auc_at_300_std,0.04829898979658872
rsf,survival,fs_cv,300,1,5,415,out/runs/survival/rsf__survival__N300__A2.2_b1__fs_cv__20260516T193229Z,test_auc_at_400_mean,0.860654460147023
rsf,survival,fs_cv,300,1,5,415,out/runs/survival/rsf__survival__N300__A2.2_b1__fs_cv__20260516T193229Z,test_auc_at_400_std,0.04372797425533471
xgb_aft,survival,fs_all,300,1,5,415,out/runs/survival/xgb_aft__survival__N300__A2.2_b1__fs_all,n_rows,415.0
xgb_aft,survival,fs_all,300,1,5,415,out/runs/survival/xgb_aft__survival__N300__A2.2_b1__fs_all,n_seeds,5.0
xgb_aft,survival,fs_all,300,1,5,415,out/runs/survival/xgb_aft__survival__N300__A2.2_b1__fs_all,test_c_index_mean,0.7778278949932973
xgb_aft,survival,fs_all,300,1,5,415,out/runs/survival/xgb_aft__survival__N300__A2.2_b1__fs_all,test_c_index_std,0.024275340222336378
xgb_aft,survival,fs_all,300,1,5,415,out/runs/survival/xgb_aft__survival__N300__A2.2_b1__fs_all,test_auc_at_200_mean,0.9006918536009445
xgb_aft,survival,fs_all,300,1,5,415,out/runs/survival/xgb_aft__survival__N300__A2.2_b1__fs_all,test_auc_at_200_std,0.04618012627476219
xgb_aft,survival,fs_all,300,1,5,415,out/runs/survival/xgb_aft__survival__N300__A2.2_b1__fs_all,test_auc_at_300_mean,0.8312101115620119
xgb_aft,survival,fs_all,300,1,5,415,out/runs/survival/xgb_aft__survival__N300__A2.2_b1__fs_all,test_auc_at_300_std,0.03680265198647045
xgb_aft,survival,fs_all,300,1,5,415,out/runs/survival/xgb_aft__survival__N300__A2.2_b1__fs_all,test_auc_at_400_mean,0.8262340192225774
xgb_aft,survival,fs_all,300,1,5,415,out/runs/survival/xgb_aft__survival__N300__A2.2_b1__fs_all,test_auc_at_400_std,0.04479703456957797
xgb_aft,survival,fs_all,300,1,5,415,out/runs/survival/xgb_aft__survival__N300__A2.2_b1__fs_all__20260516T231052Z,n_rows,415.0
xgb_aft,survival,fs_all,300,1,5,415,out/runs/survival/xgb_aft__survival__N300__A2.2_b1__fs_all__20260516T231052Z,n_seeds,5.0
xgb_aft,survival,fs_all,300,1,5,415,out/runs/survival/xgb_aft__survival__N300__A2.2_b1__fs_all__20260516T231052Z,test_c_index_mean,0.7778278949932973
xgb_aft,survival,fs_all,300,1,5,415,out/runs/survival/xgb_aft__survival__N300__A2.2_b1__fs_all__20260516T231052Z,test_c_index_std,0.024275340222336378
xgb_aft,survival,fs_all,300,1,5,415,out/runs/survival/xgb_aft__survival__N300__A2.2_b1__fs_all__20260516T231052Z,test_auc_at_200_mean,0.9006918536009445
xgb_aft,survival,fs_all,300,1,5,415,out/runs/survival/xgb_aft__survival__N300__A2.2_b1__fs_all__20260516T231052Z,test_auc_at_200_std,0.04618012627476219
xgb_aft,survival,fs_all,300,1,5,415,out/runs/survival/xgb_aft__survival__N300__A2.2_b1__fs_all__20260516T231052Z,test_auc_at_300_mean,0.8312101115620119
xgb_aft,survival,fs_all,300,1,5,415,out/runs/survival/xgb_aft__survival__N300__A2.2_b1__fs_all__20260516T231052Z,test_auc_at_300_std,0.03680265198647045
xgb_aft,survival,fs_all,300,1,5,415,out/runs/survival/xgb_aft__survival__N300__A2.2_b1__fs_all__20260516T231052Z,test_auc_at_400_mean,0.8262340192225774
xgb_aft,survival,fs_all,300,1,5,415,out/runs/survival/xgb_aft__survival__N300__A2.2_b1__fs_all__20260516T231052Z,test_auc_at_400_std,0.04479703456957797
xgb_aft,survival,fs_cv,300,1,5,415,out/runs/survival/xgb_aft__survival__N300__A2.2_b1__fs_cv,n_rows,415.0
xgb_aft,survival,fs_cv,300,1,5,415,out/runs/survival/xgb_aft__survival__N300__A2.2_b1__fs_cv,n_seeds,5.0
xgb_aft,survival,fs_cv,300,1,5,415,out/runs/survival/xgb_aft__survival__N300__A2.2_b1__fs_cv,test_c_index_mean,0.7701870335106001
xgb_aft,survival,fs_cv,300,1,5,415,out/runs/survival/xgb_aft__survival__N300__A2.2_b1__fs_cv,test_c_index_std,0.026441028021870424
xgb_aft,survival,fs_cv,300,1,5,415,out/runs/survival/xgb_aft__survival__N300__A2.2_b1__fs_cv,test_auc_at_200_mean,0.9094807566171201
xgb_aft,survival,fs_cv,300,1,5,415,out/runs/survival/xgb_aft__survival__N300__A2.2_b1__fs_cv,test_auc_at_200_std,0.04375571205396397
xgb_aft,survival,fs_cv,300,1,5,415,out/runs/survival/xgb_aft__survival__N300__A2.2_b1__fs_cv,test_auc_at_300_mean,0.835702582592929
xgb_aft,survival,fs_cv,300,1,5,415,out/runs/survival/xgb_aft__survival__N300__A2.2_b1__fs_cv,test_auc_at_300_std,0.05729850876019029
xgb_aft,survival,fs_cv,300,1,5,415,out/runs/survival/xgb_aft__survival__N300__A2.2_b1__fs_cv,test_auc_at_400_mean,0.8030902754758589
xgb_aft,survival,fs_cv,300,1,5,415,out/runs/survival/xgb_aft__survival__N300__A2.2_b1__fs_cv,test_auc_at_400_std,0.07361544477965631
xgb_aft,survival,fs_cv,300,1,1,415,out/runs/survival/xgb_aft__survival__N300__A2.2_b1__fs_cv__20260516T185120Z,n_rows,415.0
xgb_aft,survival,fs_cv,300,1,1,415,out/runs/survival/xgb_aft__survival__N300__A2.2_b1__fs_cv__20260516T185120Z,n_seeds,1.0
xgb_aft,survival,fs_cv,300,1,1,415,out/runs/survival/xgb_aft__survival__N300__A2.2_b1__fs_cv__20260516T185120Z,test_c_index_mean,0.7776073619631901
xgb_aft,survival,fs_cv,300,1,1,415,out/runs/survival/xgb_aft__survival__N300__A2.2_b1__fs_cv__20260516T185120Z,test_c_index_std,
xgb_aft,survival,fs_cv,300,1,1,415,out/runs/survival/xgb_aft__survival__N300__A2.2_b1__fs_cv__20260516T185120Z,test_auc_at_200_mean,0.9143356643356644
xgb_aft,survival,fs_cv,300,1,1,415,out/runs/survival/xgb_aft__survival__N300__A2.2_b1__fs_cv__20260516T185120Z,test_auc_at_200_std,
xgb_aft,survival,fs_cv,300,1,1,415,out/runs/survival/xgb_aft__survival__N300__A2.2_b1__fs_cv__20260516T185120Z,test_auc_at_300_mean,0.8421052631578947
xgb_aft,survival,fs_cv,300,1,1,415,out/runs/survival/xgb_aft__survival__N300__A2.2_b1__fs_cv__20260516T185120Z,test_auc_at_300_std,
xgb_aft,survival,fs_cv,300,1,1,415,out/runs/survival/xgb_aft__survival__N300__A2.2_b1__fs_cv__20260516T185120Z,test_auc_at_400_mean,0.8313043478260869
xgb_aft,survival,fs_cv,300,1,1,415,out/runs/survival/xgb_aft__survival__N300__A2.2_b1__fs_cv__20260516T185120Z,test_auc_at_400_std,
xgb_aft,survival,fs_cv,300,1,5,415,out/runs/survival/xgb_aft__survival__N300__A2.2_b1__fs_cv__20260516T193109Z,n_rows,415.0
xgb_aft,survival,fs_cv,300,1,5,415,out/runs/survival/xgb_aft__survival__N300__A2.2_b1__fs_cv__20260516T193109Z,n_seeds,5.0
xgb_aft,survival,fs_cv,300,1,5,415,out/runs/survival/xgb_aft__survival__N300__A2.2_b1__fs_cv__20260516T193109Z,test_c_index_mean,0.7701870335106001
xgb_aft,survival,fs_cv,300,1,5,415,out/runs/survival/xgb_aft__survival__N300__A2.2_b1__fs_cv__20260516T193109Z,test_c_index_std,0.026441028021870424
xgb_aft,survival,fs_cv,300,1,5,415,out/runs/survival/xgb_aft__survival__N300__A2.2_b1__fs_cv__20260516T193109Z,test_auc_at_200_mean,0.9094807566171201
xgb_aft,survival,fs_cv,300,1,5,415,out/runs/survival/xgb_aft__survival__N300__A2.2_b1__fs_cv__20260516T193109Z,test_auc_at_200_std,0.04375571205396397
xgb_aft,survival,fs_cv,300,1,5,415,out/runs/survival/xgb_aft__survival__N300__A2.2_b1__fs_cv__20260516T193109Z,test_auc_at_300_mean,0.835702582592929
xgb_aft,survival,fs_cv,300,1,5,415,out/runs/survival/xgb_aft__survival__N300__A2.2_b1__fs_cv__20260516T193109Z,test_auc_at_300_std,0.05729850876019029
xgb_aft,survival,fs_cv,300,1,5,415,out/runs/survival/xgb_aft__survival__N300__A2.2_b1__fs_cv__20260516T193109Z,test_auc_at_400_mean,0.8030902754758589
xgb_aft,survival,fs_cv,300,1,5,415,out/runs/survival/xgb_aft__survival__N300__A2.2_b1__fs_cv__20260516T193109Z,test_auc_at_400_std,0.07361544477965631
